concurrency,target,requests_sec,latency_avg_ms,latency_stdev_ms,latency_max_ms,transfer_kb_sec,total_requests,socket_errors
1,Unikraft (Optimized ENA + lwIP),4270.75,0.24127,0.17937,8.29,625.6,43134,0
1,Linux (Ubuntu 24.04 ENA),4753.77,0.21099,0.07347,5.56,659.21,48011,0
5,Unikraft (Optimized ENA + lwIP),16894.78,0.23555,0.016059999999999998,0.654,2478.08,170634,0
5,Linux (Ubuntu 24.04 ENA),18172.36,0.21871000000000002,0.01382,1.84,2519.04,183542,0
10,Unikraft (Optimized ENA + lwIP),37804.21,0.26155,0.0268,0.771,5539.84,381817,0
10,Linux (Ubuntu 24.04 ENA),40589.7,0.24567,0.08693000000000001,6.62,5632.0,409953,0
25,Unikraft (Optimized ENA + lwIP),78089.4,0.30406,0.12516,4.42,11438.08,788695,0
25,Linux (Ubuntu 24.04 ENA),92654.49,0.25306,0.020989999999999998,0.825,12851.2,935779,0
50,Unikraft (Optimized ENA + lwIP),133790.2,0.36107999999999996,0.036969999999999996,1.03,19599.36,1351261,0
50,Linux (Ubuntu 24.04 ENA),167900.84,0.28566,0.02472,1.59,23285.76,1695761,0
100,Unikraft (Optimized ENA + lwIP),153725.24,0.63477,0.04869,1.5,22517.76,1537532,0
100,Linux (Ubuntu 24.04 ENA),201097.16,0.4775,0.06934,7.18,27883.52,2011446,0
200,Unikraft (Optimized ENA + lwIP),155213.3,1.27,0.052840000000000005,2.2,22732.8,1553263,0
200,Linux (Ubuntu 24.04 ENA),194057.73,1.0,0.39568000000000003,26.09,26910.72,1942735,0
